-- MariaDB dump 10.19  Distrib 10.5.15-MariaDB, for debian-linux-gnu (x86_64)
--
-- Host: localhost    Database: mysitedb
-- ------------------------------------------------------
-- Server version	10.5.15-MariaDB-0+deb11u1

/*!40101 SET @OLD_CHARACTER_SET_CLIENT=@@CHARACTER_SET_CLIENT */;
/*!40101 SET @OLD_CHARACTER_SET_RESULTS=@@CHARACTER_SET_RESULTS */;
/*!40101 SET @OLD_COLLATION_CONNECTION=@@COLLATION_CONNECTION */;
/*!40101 SET NAMES utf8mb4 */;
/*!40103 SET @OLD_TIME_ZONE=@@TIME_ZONE */;
/*!40103 SET TIME_ZONE='+00:00' */;
/*!40014 SET @OLD_UNIQUE_CHECKS=@@UNIQUE_CHECKS, UNIQUE_CHECKS=0 */;
/*!40014 SET @OLD_FOREIGN_KEY_CHECKS=@@FOREIGN_KEY_CHECKS, FOREIGN_KEY_CHECKS=0 */;
/*!40101 SET @OLD_SQL_MODE=@@SQL_MODE, SQL_MODE='NO_AUTO_VALUE_ON_ZERO' */;
/*!40111 SET @OLD_SQL_NOTES=@@SQL_NOTES, SQL_NOTES=0 */;

--
-- Table structure for table `tComentarios`
--

DROP TABLE IF EXISTS `tComentarios`;
/*!40101 SET @saved_cs_client     = @@character_set_client */;
/*!40101 SET character_set_client = utf8 */;
CREATE TABLE `tComentarios` (
  `id` int(11) NOT NULL AUTO_INCREMENT,
  `comentario` varchar(2000) DEFAULT NULL,
  `usuario_id` int(11) DEFAULT NULL,
  `libro_id` int(11) NOT NULL,
  `fecha_comentario` date DEFAULT NULL,
  PRIMARY KEY (`id`),
  KEY `usuario_id` (`usuario_id`),
  KEY `libro_id` (`libro_id`),
  CONSTRAINT `tComentarios_ibfk_1` FOREIGN KEY (`usuario_id`) REFERENCES `tUsuarios` (`id`),
  CONSTRAINT `tComentarios_ibfk_2` FOREIGN KEY (`libro_id`) REFERENCES `tLibros` (`id`)
) ENGINE=InnoDB AUTO_INCREMENT=32 DEFAULT CHARSET=utf8mb4;
/*!40101 SET character_set_client = @saved_cs_client */;

--
-- Dumping data for table `tComentarios`
--

LOCK TABLES `tComentarios` WRITE;
/*!40000 ALTER TABLE `tComentarios` DISABLE KEYS */;
INSERT INTO `tComentarios` VALUES (1,'Espectacular',1,2,NULL),(2,'Recomendable',3,2,NULL),(3,'10/10',3,4,NULL),(4,'Un desastre',4,1,NULL),(5,'Sin más.',4,3,NULL);
/*!40000 ALTER TABLE `tComentarios` ENABLE KEYS */;
UNLOCK TABLES;

--
-- Table structure for table `tLibros`
--

DROP TABLE IF EXISTS `tLibros`;
/*!40101 SET @saved_cs_client     = @@character_set_client */;
/*!40101 SET character_set_client = utf8 */;
CREATE TABLE `tLibros` (
  `id` int(11) NOT NULL AUTO_INCREMENT,
  `nombre` varchar(50) DEFAULT NULL,
  `url_imagen` varchar(200) DEFAULT NULL,
  `anno_publicacion` int(11) DEFAULT NULL,
  `autor` varchar(200) DEFAULT NULL,
  PRIMARY KEY (`id`)
) ENGINE=InnoDB AUTO_INCREMENT=6 DEFAULT CHARSET=utf8mb4;
/*!40101 SET character_set_client = @saved_cs_client */;

--
-- Dumping data for table `tLibros`
--

LOCK TABLES `tLibros` WRITE;
/*!40000 ALTER TABLE `tLibros` DISABLE KEYS */;
INSERT INTO `tLibros` VALUES (1,'El Quijote','https://m.media-amazon.com/images/I/817m51i+A9L.jpg',1605,'Miguel de Cervantes'),(2,'Las aventuras del capitán alatriste','https://m.media-amazon.com/images/I/811N2YEQmqL.jpg',1996,'Arturo Pérez Reverte'),(3,'El señor de las moscas','https://m.media-amazon.com/images/I/71PduHC+t2L.jpg',1954,'William Golding'),(4,'Las aventuras de Tom Sawyer','https://m.media-amazon.com/images/I/81MVcm8e6KL.jpg',1876,'Mark Twain'),(5,'1984','https://m.media-amazon.com/images/I/712VUvDJGiL.jpg',1949,'George Orwell');
/*!40000 ALTER TABLE `tLibros` ENABLE KEYS */;
UNLOCK TABLES;

--
-- Table structure for table `tUsuarios`
--

DROP TABLE IF EXISTS `tUsuarios`;
/*!40101 SET @saved_cs_client     = @@character_set_client */;
/*!40101 SET character_set_client = utf8 */;
CREATE TABLE `tUsuarios` (
  `id` int(11) NOT NULL AUTO_INCREMENT,
  `nombre` varchar(50) DEFAULT NULL,
  `apellidos` varchar(100) DEFAULT NULL,
  `email` varchar(200) DEFAULT NULL,
  `contraseña` varchar(200) DEFAULT NULL,
  PRIMARY KEY (`id`),
  UNIQUE KEY `email` (`email`)
) ENGINE=InnoDB AUTO_INCREMENT=6 DEFAULT CHARSET=utf8mb4;
/*!40101 SET character_set_client = @saved_cs_client */;

--
-- Dumping data for table `tUsuarios`
--

LOCK TABLES `tUsuarios` WRITE;
/*!40000 ALTER TABLE `tUsuarios` DISABLE KEYS */;
INSERT INTO `tUsuarios` VALUES (1,'Pedro','Martínez de la Rosa','pdlarosa@gmail.com','lobatocalvo'),(2,'Toni','Cuquerella','tcuque@gmail.com','lobatocalvo'),(3,'Antonio','Lobato','alobato@gmail.com','lobatocalvo'),(4,'Albert','Fabrega','afabrega@gmail.com','lobatocalvo'),(5,'Melissa','Jiménez','mjimenez@gmail.com','lobatocalvo');
/*!40000 ALTER TABLE `tUsuarios` ENABLE KEYS */;
UNLOCK TABLES;
/*!40103 SET TIME_ZONE=@OLD_TIME_ZONE */;

/*!40101 SET SQL_MODE=@OLD_SQL_MODE */;
/*!40014 SET FOREIGN_KEY_CHECKS=@OLD_FOREIGN_KEY_CHECKS */;
/*!40014 SET UNIQUE_CHECKS=@OLD_UNIQUE_CHECKS */;
/*!40101 SET CHARACTER_SET_CLIENT=@OLD_CHARACTER_SET_CLIENT */;
/*!40101 SET CHARACTER_SET_RESULTS=@OLD_CHARACTER_SET_RESULTS */;
/*!40101 SET COLLATION_CONNECTION=@OLD_COLLATION_CONNECTION */;
/*!40111 SET SQL_NOTES=@OLD_SQL_NOTES */;

-- Dump completed on 2022-10-25 17:19:58
